{
    "uniqueTotalCount": 20,
    "uniqueUserList": [
        {
            "userId": 1,
            "id": 1,
            "title": "sunt aut facere repellat provident occaecati excepturi optio reprehenderit",
            "body": "quia et suscipit\nsuscipit recusandae consequuntur expedita et cum\nreprehenderit molestiae ut ut quas totam\nnostrum rerum est autem sunt rem eveniet architecto"
        },
        {
            "userId": 2,
            "id": 11,
            "title": "et ea vero quia laudantium autem",
            "body": "delectus reiciendis molestiae occaecati non minima eveniet qui voluptatibus\naccusamus in eum beatae sit\nvel qui neque voluptates ut commodi qui incidunt\nut animi commodi"
        },
        {
            "userId": 3,
            "id": 21,
            "title": "asperiores ea ipsam voluptatibus modi minima quia sint",
            "body": "repellat aliquid praesentium dolorem quo\nsed totam minus non itaque\nnihil labore molestiae sunt dolor eveniet hic recusandae veniam\ntempora et tenetur expedita sunt"
        },
        {
            "userId": 4,
            "id": 31,
            "title": "1800Flowers",
            "body": "1800Flowers"
        },
        {
            "userId": 5,
            "id": 41,
            "title": "non est facere",
            "body": "molestias id nostrum\nexcepturi molestiae dolore omnis repellendus quaerat saepe\nconsectetur iste quaerat tenetur asperiores accusamus ex ut\nnam quidem est ducimus sunt debitis saepe"
        },
        {
            "userId": 6,
            "id": 51,
            "title": "soluta aliquam aperiam consequatur illo quis voluptas",
            "body": "sunt dolores aut doloribus\ndolore doloribus voluptates tempora et\ndoloremque et quo\ncum asperiores sit consectetur dolorem"
        },
        {
            "userId": 7,
            "id": 61,
            "title": "voluptatem doloribus consectetur est ut ducimus",
            "body": "ab nemo optio odio\ndelectus tenetur corporis similique nobis repellendus rerum omnis facilis\nvero blanditiis debitis in nesciunt doloribus dicta dolores\nmagnam minus velit"
        },
        {
            "userId": 8,
            "id": 71,
            "title": "et iusto veniam et illum aut fuga",
            "body": "occaecati a doloribus\niste saepe consectetur placeat eum voluptate dolorem et\nqui quo quia voluptas\nrerum ut id enim velit est perferendis"
        },
        {
            "userId": 9,
            "id": 81,
            "title": "tempora rem veritatis voluptas quo dolores vero",
            "body": "facere qui nesciunt est voluptatum voluptatem nisi\nsequi eligendi necessitatibus ea at rerum itaque\nharum non ratione velit laboriosam quis consequuntur\nex officiis minima doloremque voluptas ut aut"
        },
        {
            "userId": 10,
            "id": 91,
            "title": "aut amet sed",
            "body": "libero voluptate eveniet aperiam sed\nsunt placeat suscipit molestias\nsimilique fugit nam natus\nexpedita consequatur consequatur dolores quia eos et placeat"
        }
    ]
}